{"_format":"","paths":{"artifacts":"out","build_infos":"out/build-info","sources":"src","tests":"test","scripts":"script","libraries":["lib"]},"files":{"lib/forge-std/src/Base.sol":{"lastModificationDate":1721046629597,"contentHash":"ee13c050b1914464f1d3f90cde90204b","sourceName":"lib/forge-std/src/Base.sol","compilerSettings":{"solc":{"optimizer":{"enabled":true,"runs":200},"metadata":{"useLiteralContent":false,"bytecodeHash":"ipfs","appendCBOR":true},"outputSelection":{"*":{"*":["abi","evm.bytecode","evm.deployedBytecode","evm.methodIdentifiers","metadata"]}},"evmVersion":"paris","viaIR":false,"libraries":{}},"vyper":{"evmVersion":"paris","outputSelection":{"*":{"*":["abi","evm.bytecode","evm.deployedBytecode"]}}}},"imports":["lib/forge-std/src/StdStorage.sol","lib/forge-std/src/Vm.sol"],"versionRequirement":">=0.6.2, <0.9.0","artifacts":{"CommonBase":{"0.8.26":{"path":"Base.sol/CommonBase.json","build_id":"1a066455e27f578bf600d87728d2b3bc"}},"ScriptBase":{"0.8.26":{"path":"Base.sol/ScriptBase.json","build_id":"1a066455e27f578bf600d87728d2b3bc"}},"TestBase":{"0.8.26":{"path":"Base.sol/TestBase.json","build_id":"1a066455e27f578bf600d87728d2b3bc"}}},"seenByCompiler":true},"lib/forge-std/src/Script.sol":{"lastModificationDate":1721046629598,"contentHash":"ba325c778a7da8a21c2136aa32763c14","sourceName":"lib/forge-std/src/Script.sol","compilerSettings":{"solc":{"optimizer":{"enabled":true,"runs":200},"metadata":{"useLiteralContent":false,"bytecodeHash":"ipfs","appendCBOR":true},"outputSelection":{"*":{"*":["abi","evm.bytecode","evm.deployedBytecode","evm.methodIdentifiers","metadata"]}},"evmVersion":"paris","viaIR":false,"libraries":{}},"vyper":{"evmVersion":"paris","outputSelection":{"*":{"*":["abi","evm.bytecode","evm.deployedBytecode"]}}}},"imports":["lib/forge-std/src/Base.sol","lib/forge-std/src/StdChains.sol","lib/forge-std/src/StdCheats.sol","lib/forge-std/src/StdJson.sol","lib/forge-std/src/StdMath.sol","lib/forge-std/src/StdStorage.sol","lib/forge-std/src/StdStyle.sol","lib/forge-std/src/StdUtils.sol","lib/forge-std/src/Vm.sol","lib/forge-std/src/console.sol","lib/forge-std/src/console2.sol","lib/forge-std/src/interfaces/IERC165.sol","lib/forge-std/src/interfaces/IERC20.sol","lib/forge-std/src/interfaces/IERC721.sol","lib/forge-std/src/interfaces/IMulticall3.sol","lib/forge-std/src/mocks/MockERC20.sol","lib/forge-std/src/mocks/MockERC721.sol","lib/forge-std/src/safeconsole.sol"],"versionRequirement":">=0.6.2, <0.9.0","artifacts":{"Script":{"0.8.26":{"path":"Script.sol/Script.json","build_id":"1a066455e27f578bf600d87728d2b3bc"}}},"seenByCompiler":true},"lib/forge-std/src/StdAssertions.sol":{"lastModificationDate":1721046629598,"contentHash":"25b77f9806b64d497b8a46aeb8e5f6f0","sourceName":"lib/forge-std/src/StdAssertions.sol","compilerSettings":{"solc":{"optimizer":{"enabled":true,"runs":200},"metadata":{"useLiteralContent":false,"bytecodeHash":"ipfs","appendCBOR":true},"outputSelection":{"*":{"*":["abi","evm.bytecode","evm.deployedBytecode","evm.methodIdentifiers","metadata"]}},"evmVersion":"paris","viaIR":false,"libraries":{}},"vyper":{"evmVersion":"paris","outputSelection":{"*":{"*":["abi","evm.bytecode","evm.deployedBytecode"]}}}},"imports":["lib/forge-std/src/Vm.sol"],"versionRequirement":">=0.6.2, <0.9.0","artifacts":{"StdAssertions":{"0.8.26":{"path":"StdAssertions.sol/StdAssertions.json","build_id":"4ba474d500a49fe3c8586b772baa8ef3"}}},"seenByCompiler":true},"lib/forge-std/src/StdChains.sol":{"lastModificationDate":1721046629598,"contentHash":"134a39a51ebf6702e9537d9b72fc4812","sourceName":"lib/forge-std/src/StdChains.sol","compilerSettings":{"solc":{"optimizer":{"enabled":true,"runs":200},"metadata":{"useLiteralContent":false,"bytecodeHash":"ipfs","appendCBOR":true},"outputSelection":{"*":{"*":["abi","evm.bytecode","evm.deployedBytecode","evm.methodIdentifiers","metadata"]}},"evmVersion":"paris","viaIR":false,"libraries":{}},"vyper":{"evmVersion":"paris","outputSelection":{"*":{"*":["abi","evm.bytecode","evm.deployedBytecode"]}}}},"imports":["lib/forge-std/src/Vm.sol"],"versionRequirement":">=0.6.2, <0.9.0","artifacts":{"StdChains":{"0.8.26":{"path":"StdChains.sol/StdChains.json","build_id":"1a066455e27f578bf600d87728d2b3bc"}}},"seenByCompiler":true},"lib/forge-std/src/StdCheats.sol":{"lastModificationDate":1721046629598,"contentHash":"7922ae0087a21ee3cdb97137be18c06c","sourceName":"lib/forge-std/src/StdCheats.sol","compilerSettings":{"solc":{"optimizer":{"enabled":true,"runs":200},"metadata":{"useLiteralContent":false,"bytecodeHash":"ipfs","appendCBOR":true},"outputSelection":{"*":{"*":["abi","evm.bytecode","evm.deployedBytecode","evm.methodIdentifiers","metadata"]}},"evmVersion":"paris","viaIR":false,"libraries":{}},"vyper":{"evmVersion":"paris","outputSelection":{"*":{"*":["abi","evm.bytecode","evm.deployedBytecode"]}}}},"imports":["lib/forge-std/src/StdStorage.sol","lib/forge-std/src/Vm.sol","lib/forge-std/src/console.sol","lib/forge-std/src/console2.sol"],"versionRequirement":">=0.6.2, <0.9.0","artifacts":{"StdCheats":{"0.8.26":{"path":"StdCheats.sol/StdCheats.json","build_id":"1a066455e27f578bf600d87728d2b3bc"}},"StdCheatsSafe":{"0.8.26":{"path":"StdCheats.sol/StdCheatsSafe.json","build_id":"1a066455e27f578bf600d87728d2b3bc"}}},"seenByCompiler":true},"lib/forge-std/src/StdError.sol":{"lastModificationDate":1721046629598,"contentHash":"64c896e1276a291776e5ea5aecb3870a","sourceName":"lib/forge-std/src/StdError.sol","compilerSettings":{"solc":{"optimizer":{"enabled":true,"runs":200},"metadata":{"useLiteralContent":false,"bytecodeHash":"ipfs","appendCBOR":true},"outputSelection":{"*":{"*":["abi","evm.bytecode","evm.deployedBytecode","evm.methodIdentifiers","metadata"]}},"evmVersion":"paris","viaIR":false,"libraries":{}},"vyper":{"evmVersion":"paris","outputSelection":{"*":{"*":["abi","evm.bytecode","evm.deployedBytecode"]}}}},"imports":[],"versionRequirement":">=0.6.2, <0.9.0","artifacts":{"stdError":{"0.8.26":{"path":"StdError.sol/stdError.json","build_id":"4ba474d500a49fe3c8586b772baa8ef3"}}},"seenByCompiler":true},"lib/forge-std/src/StdInvariant.sol":{"lastModificationDate":1721046629598,"contentHash":"f16837d0e7cb829544ae1f1319ea7643","sourceName":"lib/forge-std/src/StdInvariant.sol","compilerSettings":{"solc":{"optimizer":{"enabled":true,"runs":200},"metadata":{"useLiteralContent":false,"bytecodeHash":"ipfs","appendCBOR":true},"outputSelection":{"*":{"*":["abi","evm.bytecode","evm.deployedBytecode","evm.methodIdentifiers","metadata"]}},"evmVersion":"paris","viaIR":false,"libraries":{}},"vyper":{"evmVersion":"paris","outputSelection":{"*":{"*":["abi","evm.bytecode","evm.deployedBytecode"]}}}},"imports":[],"versionRequirement":">=0.6.2, <0.9.0","artifacts":{"StdInvariant":{"0.8.26":{"path":"StdInvariant.sol/StdInvariant.json","build_id":"4ba474d500a49fe3c8586b772baa8ef3"}}},"seenByCompiler":true},"lib/forge-std/src/StdJson.sol":{"lastModificationDate":1721046629598,"contentHash":"3339192c616789604138e2d8206c0702","sourceName":"lib/forge-std/src/StdJson.sol","compilerSettings":{"solc":{"optimizer":{"enabled":true,"runs":200},"metadata":{"useLiteralContent":false,"bytecodeHash":"ipfs","appendCBOR":true},"outputSelection":{"*":{"*":["abi","evm.bytecode","evm.deployedBytecode","evm.methodIdentifiers","metadata"]}},"evmVersion":"paris","viaIR":false,"libraries":{}},"vyper":{"evmVersion":"paris","outputSelection":{"*":{"*":["abi","evm.bytecode","evm.deployedBytecode"]}}}},"imports":["lib/forge-std/src/Vm.sol"],"versionRequirement":">=0.6.0, <0.9.0","artifacts":{"stdJson":{"0.8.26":{"path":"StdJson.sol/stdJson.json","build_id":"1a066455e27f578bf600d87728d2b3bc"}}},"seenByCompiler":true},"lib/forge-std/src/StdMath.sol":{"lastModificationDate":1721046629598,"contentHash":"9da8f453eba6bb98f3d75bc6822bfb29","sourceName":"lib/forge-std/src/StdMath.sol","compilerSettings":{"solc":{"optimizer":{"enabled":true,"runs":200},"metadata":{"useLiteralContent":false,"bytecodeHash":"ipfs","appendCBOR":true},"outputSelection":{"*":{"*":["abi","evm.bytecode","evm.deployedBytecode","evm.methodIdentifiers","metadata"]}},"evmVersion":"paris","viaIR":false,"libraries":{}},"vyper":{"evmVersion":"paris","outputSelection":{"*":{"*":["abi","evm.bytecode","evm.deployedBytecode"]}}}},"imports":[],"versionRequirement":">=0.6.2, <0.9.0","artifacts":{"stdMath":{"0.8.26":{"path":"StdMath.sol/stdMath.json","build_id":"1a066455e27f578bf600d87728d2b3bc"}}},"seenByCompiler":true},"lib/forge-std/src/StdStorage.sol":{"lastModificationDate":1721046629599,"contentHash":"5955d11c6b4a5e64839b4419e0fe71c4","sourceName":"lib/forge-std/src/StdStorage.sol","compilerSettings":{"solc":{"optimizer":{"enabled":true,"runs":200},"metadata":{"useLiteralContent":false,"bytecodeHash":"ipfs","appendCBOR":true},"outputSelection":{"*":{"*":["abi","evm.bytecode","evm.deployedBytecode","evm.methodIdentifiers","metadata"]}},"evmVersion":"paris","viaIR":false,"libraries":{}},"vyper":{"evmVersion":"paris","outputSelection":{"*":{"*":["abi","evm.bytecode","evm.deployedBytecode"]}}}},"imports":["lib/forge-std/src/Vm.sol"],"versionRequirement":">=0.6.2, <0.9.0","artifacts":{"stdStorage":{"0.8.26":{"path":"StdStorage.sol/stdStorage.json","build_id":"1a066455e27f578bf600d87728d2b3bc"}},"stdStorageSafe":{"0.8.26":{"path":"StdStorage.sol/stdStorageSafe.json","build_id":"1a066455e27f578bf600d87728d2b3bc"}}},"seenByCompiler":true},"lib/forge-std/src/StdStyle.sol":{"lastModificationDate":1721046629599,"contentHash":"6281165a12aa639705c691fccefd855e","sourceName":"lib/forge-std/src/StdStyle.sol","compilerSettings":{"solc":{"optimizer":{"enabled":true,"runs":200},"metadata":{"useLiteralContent":false,"bytecodeHash":"ipfs","appendCBOR":true},"outputSelection":{"*":{"*":["abi","evm.bytecode","evm.deployedBytecode","evm.methodIdentifiers","metadata"]}},"evmVersion":"paris","viaIR":false,"libraries":{}},"vyper":{"evmVersion":"paris","outputSelection":{"*":{"*":["abi","evm.bytecode","evm.deployedBytecode"]}}}},"imports":["lib/forge-std/src/Vm.sol"],"versionRequirement":">=0.4.22, <0.9.0","artifacts":{"StdStyle":{"0.8.26":{"path":"StdStyle.sol/StdStyle.json","build_id":"1a066455e27f578bf600d87728d2b3bc"}}},"seenByCompiler":true},"lib/forge-std/src/StdToml.sol":{"lastModificationDate":1721046629599,"contentHash":"2bb543c13f276e5db311aa3b81ed1651","sourceName":"lib/forge-std/src/StdToml.sol","compilerSettings":{"solc":{"optimizer":{"enabled":true,"runs":200},"metadata":{"useLiteralContent":false,"bytecodeHash":"ipfs","appendCBOR":true},"outputSelection":{"*":{"*":["abi","evm.bytecode","evm.deployedBytecode","evm.methodIdentifiers","metadata"]}},"evmVersion":"paris","viaIR":false,"libraries":{}},"vyper":{"evmVersion":"paris","outputSelection":{"*":{"*":["abi","evm.bytecode","evm.deployedBytecode"]}}}},"imports":["lib/forge-std/src/Vm.sol"],"versionRequirement":">=0.6.0, <0.9.0","artifacts":{"stdToml":{"0.8.26":{"path":"StdToml.sol/stdToml.json","build_id":"4ba474d500a49fe3c8586b772baa8ef3"}}},"seenByCompiler":true},"lib/forge-std/src/StdUtils.sol":{"lastModificationDate":1721046629599,"contentHash":"b50717f17f251a2a96a5884c90add7bf","sourceName":"lib/forge-std/src/StdUtils.sol","compilerSettings":{"solc":{"optimizer":{"enabled":true,"runs":200},"metadata":{"useLiteralContent":false,"bytecodeHash":"ipfs","appendCBOR":true},"outputSelection":{"*":{"*":["abi","evm.bytecode","evm.deployedBytecode","evm.methodIdentifiers","metadata"]}},"evmVersion":"paris","viaIR":false,"libraries":{}},"vyper":{"evmVersion":"paris","outputSelection":{"*":{"*":["abi","evm.bytecode","evm.deployedBytecode"]}}}},"imports":["lib/forge-std/src/Vm.sol","lib/forge-std/src/interfaces/IERC165.sol","lib/forge-std/src/interfaces/IERC20.sol","lib/forge-std/src/interfaces/IERC721.sol","lib/forge-std/src/interfaces/IMulticall3.sol","lib/forge-std/src/mocks/MockERC20.sol","lib/forge-std/src/mocks/MockERC721.sol"],"versionRequirement":">=0.6.2, <0.9.0","artifacts":{"StdUtils":{"0.8.26":{"path":"StdUtils.sol/StdUtils.json","build_id":"1a066455e27f578bf600d87728d2b3bc"}}},"seenByCompiler":true},"lib/forge-std/src/Test.sol":{"lastModificationDate":1721046629599,"contentHash":"b6f15605355fc8c421fe42a90f94bf32","sourceName":"lib/forge-std/src/Test.sol","compilerSettings":{"solc":{"optimizer":{"enabled":true,"runs":200},"metadata":{"useLiteralContent":false,"bytecodeHash":"ipfs","appendCBOR":true},"outputSelection":{"*":{"*":["abi","evm.bytecode","evm.deployedBytecode","evm.methodIdentifiers","metadata"]}},"evmVersion":"paris","viaIR":false,"libraries":{}},"vyper":{"evmVersion":"paris","outputSelection":{"*":{"*":["abi","evm.bytecode","evm.deployedBytecode"]}}}},"imports":["lib/forge-std/src/Base.sol","lib/forge-std/src/StdAssertions.sol","lib/forge-std/src/StdChains.sol","lib/forge-std/src/StdCheats.sol","lib/forge-std/src/StdError.sol","lib/forge-std/src/StdInvariant.sol","lib/forge-std/src/StdJson.sol","lib/forge-std/src/StdMath.sol","lib/forge-std/src/StdStorage.sol","lib/forge-std/src/StdStyle.sol","lib/forge-std/src/StdToml.sol","lib/forge-std/src/StdUtils.sol","lib/forge-std/src/Vm.sol","lib/forge-std/src/console.sol","lib/forge-std/src/console2.sol","lib/forge-std/src/interfaces/IERC165.sol","lib/forge-std/src/interfaces/IERC20.sol","lib/forge-std/src/interfaces/IERC721.sol","lib/forge-std/src/interfaces/IMulticall3.sol","lib/forge-std/src/mocks/MockERC20.sol","lib/forge-std/src/mocks/MockERC721.sol","lib/forge-std/src/safeconsole.sol"],"versionRequirement":">=0.6.2, <0.9.0","artifacts":{"Test":{"0.8.26":{"path":"Test.sol/Test.json","build_id":"4ba474d500a49fe3c8586b772baa8ef3"}}},"seenByCompiler":true},"lib/forge-std/src/Vm.sol":{"lastModificationDate":1721046629599,"contentHash":"0cec895a9594635c0b4bf346e9d7b03a","sourceName":"lib/forge-std/src/Vm.sol","compilerSettings":{"solc":{"optimizer":{"enabled":true,"runs":200},"metadata":{"useLiteralContent":false,"bytecodeHash":"ipfs","appendCBOR":true},"outputSelection":{"*":{"*":["abi","evm.bytecode","evm.deployedBytecode","evm.methodIdentifiers","metadata"]}},"evmVersion":"paris","viaIR":false,"libraries":{}},"vyper":{"evmVersion":"paris","outputSelection":{"*":{"*":["abi","evm.bytecode","evm.deployedBytecode"]}}}},"imports":[],"versionRequirement":">=0.6.2, <0.9.0","artifacts":{"Vm":{"0.8.26":{"path":"Vm.sol/Vm.json","build_id":"1a066455e27f578bf600d87728d2b3bc"}},"VmSafe":{"0.8.26":{"path":"Vm.sol/VmSafe.json","build_id":"1a066455e27f578bf600d87728d2b3bc"}}},"seenByCompiler":true},"lib/forge-std/src/console.sol":{"lastModificationDate":1721046629600,"contentHash":"19bc22856c14b56e4e55ab19c7a27c87","sourceName":"lib/forge-std/src/console.sol","compilerSettings":{"solc":{"optimizer":{"enabled":true,"runs":200},"metadata":{"useLiteralContent":false,"bytecodeHash":"ipfs","appendCBOR":true},"outputSelection":{"*":{"*":["abi","evm.bytecode","evm.deployedBytecode","evm.methodIdentifiers","metadata"]}},"evmVersion":"paris","viaIR":false,"libraries":{}},"vyper":{"evmVersion":"paris","outputSelection":{"*":{"*":["abi","evm.bytecode","evm.deployedBytecode"]}}}},"imports":[],"versionRequirement":">=0.4.22, <0.9.0","artifacts":{"console":{"0.8.26":{"path":"console.sol/console.json","build_id":"1a066455e27f578bf600d87728d2b3bc"}}},"seenByCompiler":true},"lib/forge-std/src/console2.sol":{"lastModificationDate":1721046629600,"contentHash":"f65ad21034b111e70fb5342d5771efcd","sourceName":"lib/forge-std/src/console2.sol","compilerSettings":{"solc":{"optimizer":{"enabled":true,"runs":200},"metadata":{"useLiteralContent":false,"bytecodeHash":"ipfs","appendCBOR":true},"outputSelection":{"*":{"*":["abi","evm.bytecode","evm.deployedBytecode","evm.methodIdentifiers","metadata"]}},"evmVersion":"paris","viaIR":false,"libraries":{}},"vyper":{"evmVersion":"paris","outputSelection":{"*":{"*":["abi","evm.bytecode","evm.deployedBytecode"]}}}},"imports":["lib/forge-std/src/console.sol"],"versionRequirement":">=0.4.22, <0.9.0","artifacts":{},"seenByCompiler":true},"lib/forge-std/src/interfaces/IERC165.sol":{"lastModificationDate":1721046629600,"contentHash":"90fe5e2e3ed432d6f3b408e7c9e8a739","sourceName":"lib/forge-std/src/interfaces/IERC165.sol","compilerSettings":{"solc":{"optimizer":{"enabled":true,"runs":200},"metadata":{"useLiteralContent":false,"bytecodeHash":"ipfs","appendCBOR":true},"outputSelection":{"*":{"*":["abi","evm.bytecode","evm.deployedBytecode","evm.methodIdentifiers","metadata"]}},"evmVersion":"paris","viaIR":false,"libraries":{}},"vyper":{"evmVersion":"paris","outputSelection":{"*":{"*":["abi","evm.bytecode","evm.deployedBytecode"]}}}},"imports":[],"versionRequirement":">=0.6.2","artifacts":{"IERC165":{"0.8.26":{"path":"IERC165.sol/IERC165.json","build_id":"1a066455e27f578bf600d87728d2b3bc"}}},"seenByCompiler":true},"lib/forge-std/src/interfaces/IERC20.sol":{"lastModificationDate":1721046629600,"contentHash":"8099161d518e5862a76750349d58e801","sourceName":"lib/forge-std/src/interfaces/IERC20.sol","compilerSettings":{"solc":{"optimizer":{"enabled":true,"runs":200},"metadata":{"useLiteralContent":false,"bytecodeHash":"ipfs","appendCBOR":true},"outputSelection":{"*":{"*":["abi","evm.bytecode","evm.deployedBytecode","evm.methodIdentifiers","metadata"]}},"evmVersion":"paris","viaIR":false,"libraries":{}},"vyper":{"evmVersion":"paris","outputSelection":{"*":{"*":["abi","evm.bytecode","evm.deployedBytecode"]}}}},"imports":[],"versionRequirement":">=0.6.2","artifacts":{"IERC20":{"0.8.26":{"path":"IERC20.sol/IERC20.json","build_id":"1a066455e27f578bf600d87728d2b3bc"}}},"seenByCompiler":true},"lib/forge-std/src/interfaces/IERC721.sol":{"lastModificationDate":1721046629600,"contentHash":"efc26e7f9a2f76b68088c8760ceae2dc","sourceName":"lib/forge-std/src/interfaces/IERC721.sol","compilerSettings":{"solc":{"optimizer":{"enabled":true,"runs":200},"metadata":{"useLiteralContent":false,"bytecodeHash":"ipfs","appendCBOR":true},"outputSelection":{"*":{"*":["abi","evm.bytecode","evm.deployedBytecode","evm.methodIdentifiers","metadata"]}},"evmVersion":"paris","viaIR":false,"libraries":{}},"vyper":{"evmVersion":"paris","outputSelection":{"*":{"*":["abi","evm.bytecode","evm.deployedBytecode"]}}}},"imports":["lib/forge-std/src/interfaces/IERC165.sol"],"versionRequirement":">=0.6.2","artifacts":{"IERC721":{"0.8.26":{"path":"IERC721.sol/IERC721.json","build_id":"1a066455e27f578bf600d87728d2b3bc"}},"IERC721Enumerable":{"0.8.26":{"path":"IERC721.sol/IERC721Enumerable.json","build_id":"1a066455e27f578bf600d87728d2b3bc"}},"IERC721Metadata":{"0.8.26":{"path":"IERC721.sol/IERC721Metadata.json","build_id":"1a066455e27f578bf600d87728d2b3bc"}},"IERC721TokenReceiver":{"0.8.26":{"path":"IERC721.sol/IERC721TokenReceiver.json","build_id":"1a066455e27f578bf600d87728d2b3bc"}}},"seenByCompiler":true},"lib/forge-std/src/interfaces/IMulticall3.sol":{"lastModificationDate":1721046629600,"contentHash":"7b131ca1ca32ef6378b7b9ad5488b901","sourceName":"lib/forge-std/src/interfaces/IMulticall3.sol","compilerSettings":{"solc":{"optimizer":{"enabled":true,"runs":200},"metadata":{"useLiteralContent":false,"bytecodeHash":"ipfs","appendCBOR":true},"outputSelection":{"*":{"*":["abi","evm.bytecode","evm.deployedBytecode","evm.methodIdentifiers","metadata"]}},"evmVersion":"paris","viaIR":false,"libraries":{}},"vyper":{"evmVersion":"paris","outputSelection":{"*":{"*":["abi","evm.bytecode","evm.deployedBytecode"]}}}},"imports":[],"versionRequirement":">=0.6.2, <0.9.0","artifacts":{"IMulticall3":{"0.8.26":{"path":"IMulticall3.sol/IMulticall3.json","build_id":"1a066455e27f578bf600d87728d2b3bc"}}},"seenByCompiler":true},"lib/forge-std/src/mocks/MockERC20.sol":{"lastModificationDate":1721046629601,"contentHash":"8e14d63e81e1d54dbc2d44df38ae9dec","sourceName":"lib/forge-std/src/mocks/MockERC20.sol","compilerSettings":{"solc":{"optimizer":{"enabled":true,"runs":200},"metadata":{"useLiteralContent":false,"bytecodeHash":"ipfs","appendCBOR":true},"outputSelection":{"*":{"*":["abi","evm.bytecode","evm.deployedBytecode","evm.methodIdentifiers","metadata"]}},"evmVersion":"paris","viaIR":false,"libraries":{}},"vyper":{"evmVersion":"paris","outputSelection":{"*":{"*":["abi","evm.bytecode","evm.deployedBytecode"]}}}},"imports":["lib/forge-std/src/interfaces/IERC20.sol"],"versionRequirement":">=0.6.2, <0.9.0","artifacts":{"MockERC20":{"0.8.26":{"path":"MockERC20.sol/MockERC20.json","build_id":"1a066455e27f578bf600d87728d2b3bc"}}},"seenByCompiler":true},"lib/forge-std/src/mocks/MockERC721.sol":{"lastModificationDate":1721046629601,"contentHash":"e91cd9dba7f88f03710c56a347d89d1e","sourceName":"lib/forge-std/src/mocks/MockERC721.sol","compilerSettings":{"solc":{"optimizer":{"enabled":true,"runs":200},"metadata":{"useLiteralContent":false,"bytecodeHash":"ipfs","appendCBOR":true},"outputSelection":{"*":{"*":["abi","evm.bytecode","evm.deployedBytecode","evm.methodIdentifiers","metadata"]}},"evmVersion":"paris","viaIR":false,"libraries":{}},"vyper":{"evmVersion":"paris","outputSelection":{"*":{"*":["abi","evm.bytecode","evm.deployedBytecode"]}}}},"imports":["lib/forge-std/src/interfaces/IERC165.sol","lib/forge-std/src/interfaces/IERC721.sol"],"versionRequirement":">=0.6.2, <0.9.0","artifacts":{"MockERC721":{"0.8.26":{"path":"MockERC721.sol/MockERC721.json","build_id":"1a066455e27f578bf600d87728d2b3bc"}}},"seenByCompiler":true},"lib/forge-std/src/safeconsole.sol":{"lastModificationDate":1721046629601,"contentHash":"ac3b1bf5a444db5db3656021830258a8","sourceName":"lib/forge-std/src/safeconsole.sol","compilerSettings":{"solc":{"optimizer":{"enabled":true,"runs":200},"metadata":{"useLiteralContent":false,"bytecodeHash":"ipfs","appendCBOR":true},"outputSelection":{"*":{"*":["abi","evm.bytecode","evm.deployedBytecode","evm.methodIdentifiers","metadata"]}},"evmVersion":"paris","viaIR":false,"libraries":{}},"vyper":{"evmVersion":"paris","outputSelection":{"*":{"*":["abi","evm.bytecode","evm.deployedBytecode"]}}}},"imports":[],"versionRequirement":">=0.6.2, <0.9.0","artifacts":{"safeconsole":{"0.8.26":{"path":"safeconsole.sol/safeconsole.json","build_id":"1a066455e27f578bf600d87728d2b3bc"}}},"seenByCompiler":true},"lib/openzeppelin-contracts/contracts/access/Ownable.sol":{"lastModificationDate":1721046764604,"contentHash":"d3c790edc9ccf808a17c5a6cd13614fd","sourceName":"lib/openzeppelin-contracts/contracts/access/Ownable.sol","compilerSettings":{"solc":{"optimizer":{"enabled":true,"runs":200},"metadata":{"useLiteralContent":false,"bytecodeHash":"ipfs","appendCBOR":true},"outputSelection":{"*":{"*":["abi","evm.bytecode","evm.deployedBytecode","evm.methodIdentifiers","metadata"]}},"evmVersion":"paris","viaIR":false,"libraries":{}},"vyper":{"evmVersion":"paris","outputSelection":{"*":{"*":["abi","evm.bytecode","evm.deployedBytecode"]}}}},"imports":["lib/openzeppelin-contracts/contracts/utils/Context.sol"],"versionRequirement":"^0.8.20","artifacts":{"Ownable":{"0.8.26":{"path":"Ownable.sol/Ownable.json","build_id":"1a066455e27f578bf600d87728d2b3bc"}}},"seenByCompiler":true},"lib/openzeppelin-contracts/contracts/interfaces/IERC165.sol":{"lastModificationDate":1721046764607,"contentHash":"f808b485ee0cdc6768ee8385ae5f9a2a","sourceName":"lib/openzeppelin-contracts/contracts/interfaces/IERC165.sol","compilerSettings":{"solc":{"optimizer":{"enabled":true,"runs":200},"metadata":{"useLiteralContent":false,"bytecodeHash":"ipfs","appendCBOR":true},"outputSelection":{"*":{"*":["abi","evm.bytecode","evm.deployedBytecode","evm.methodIdentifiers","metadata"]}},"evmVersion":"paris","viaIR":false,"libraries":{}},"vyper":{"evmVersion":"paris","outputSelection":{"*":{"*":["abi","evm.bytecode","evm.deployedBytecode"]}}}},"imports":["lib/openzeppelin-contracts/contracts/utils/introspection/IERC165.sol"],"versionRequirement":"^0.8.20","artifacts":{},"seenByCompiler":true},"lib/openzeppelin-contracts/contracts/interfaces/IERC4906.sol":{"lastModificationDate":1721046764608,"contentHash":"33cf780a86e5707b1a17c55a66ec0c5f","sourceName":"lib/openzeppelin-contracts/contracts/interfaces/IERC4906.sol","compilerSettings":{"solc":{"optimizer":{"enabled":true,"runs":200},"metadata":{"useLiteralContent":false,"bytecodeHash":"ipfs","appendCBOR":true},"outputSelection":{"*":{"*":["abi","evm.bytecode","evm.deployedBytecode","evm.methodIdentifiers","metadata"]}},"evmVersion":"paris","viaIR":false,"libraries":{}},"vyper":{"evmVersion":"paris","outputSelection":{"*":{"*":["abi","evm.bytecode","evm.deployedBytecode"]}}}},"imports":["lib/openzeppelin-contracts/contracts/interfaces/IERC165.sol","lib/openzeppelin-contracts/contracts/interfaces/IERC721.sol","lib/openzeppelin-contracts/contracts/token/ERC721/IERC721.sol","lib/openzeppelin-contracts/contracts/utils/introspection/IERC165.sol"],"versionRequirement":"^0.8.20","artifacts":{"IERC4906":{"0.8.26":{"path":"IERC4906.sol/IERC4906.json","build_id":"1a066455e27f578bf600d87728d2b3bc"}}},"seenByCompiler":true},"lib/openzeppelin-contracts/contracts/interfaces/IERC721.sol":{"lastModificationDate":1721046764608,"contentHash":"d8d23fc2f55ed934d1a1b91c9afd8526","sourceName":"lib/openzeppelin-contracts/contracts/interfaces/IERC721.sol","compilerSettings":{"solc":{"optimizer":{"enabled":true,"runs":200},"metadata":{"useLiteralContent":false,"bytecodeHash":"ipfs","appendCBOR":true},"outputSelection":{"*":{"*":["abi","evm.bytecode","evm.deployedBytecode","evm.methodIdentifiers","metadata"]}},"evmVersion":"paris","viaIR":false,"libraries":{}},"vyper":{"evmVersion":"paris","outputSelection":{"*":{"*":["abi","evm.bytecode","evm.deployedBytecode"]}}}},"imports":["lib/openzeppelin-contracts/contracts/token/ERC721/IERC721.sol","lib/openzeppelin-contracts/contracts/utils/introspection/IERC165.sol"],"versionRequirement":"^0.8.20","artifacts":{},"seenByCompiler":true},"lib/openzeppelin-contracts/contracts/interfaces/draft-IERC6093.sol":{"lastModificationDate":1721046764609,"contentHash":"308cccc178e3f0b7a3be61db4a51d263","sourceName":"lib/openzeppelin-contracts/contracts/interfaces/draft-IERC6093.sol","compilerSettings":{"solc":{"optimizer":{"enabled":true,"runs":200},"metadata":{"useLiteralContent":false,"bytecodeHash":"ipfs","appendCBOR":true},"outputSelection":{"*":{"*":["abi","evm.bytecode","evm.deployedBytecode","evm.methodIdentifiers","metadata"]}},"evmVersion":"paris","viaIR":false,"libraries":{}},"vyper":{"evmVersion":"paris","outputSelection":{"*":{"*":["abi","evm.bytecode","evm.deployedBytecode"]}}}},"imports":[],"versionRequirement":"^0.8.20","artifacts":{"IERC1155Errors":{"0.8.26":{"path":"draft-IERC6093.sol/IERC1155Errors.json","build_id":"1a066455e27f578bf600d87728d2b3bc"}},"IERC20Errors":{"0.8.26":{"path":"draft-IERC6093.sol/IERC20Errors.json","build_id":"1a066455e27f578bf600d87728d2b3bc"}},"IERC721Errors":{"0.8.26":{"path":"draft-IERC6093.sol/IERC721Errors.json","build_id":"1a066455e27f578bf600d87728d2b3bc"}}},"seenByCompiler":true},"lib/openzeppelin-contracts/contracts/token/ERC721/ERC721.sol":{"lastModificationDate":1721046764618,"contentHash":"1621c29d8bcb42d3ab6973021261ea99","sourceName":"lib/openzeppelin-contracts/contracts/token/ERC721/ERC721.sol","compilerSettings":{"solc":{"optimizer":{"enabled":true,"runs":200},"metadata":{"useLiteralContent":false,"bytecodeHash":"ipfs","appendCBOR":true},"outputSelection":{"*":{"*":["abi","evm.bytecode","evm.deployedBytecode","evm.methodIdentifiers","metadata"]}},"evmVersion":"paris","viaIR":false,"libraries":{}},"vyper":{"evmVersion":"paris","outputSelection":{"*":{"*":["abi","evm.bytecode","evm.deployedBytecode"]}}}},"imports":["lib/openzeppelin-contracts/contracts/interfaces/draft-IERC6093.sol","lib/openzeppelin-contracts/contracts/token/ERC721/IERC721.sol","lib/openzeppelin-contracts/contracts/token/ERC721/IERC721Receiver.sol","lib/openzeppelin-contracts/contracts/token/ERC721/extensions/IERC721Metadata.sol","lib/openzeppelin-contracts/contracts/token/ERC721/utils/ERC721Utils.sol","lib/openzeppelin-contracts/contracts/utils/Context.sol","lib/openzeppelin-contracts/contracts/utils/Panic.sol","lib/openzeppelin-contracts/contracts/utils/Strings.sol","lib/openzeppelin-contracts/contracts/utils/introspection/ERC165.sol","lib/openzeppelin-contracts/contracts/utils/introspection/IERC165.sol","lib/openzeppelin-contracts/contracts/utils/math/Math.sol","lib/openzeppelin-contracts/contracts/utils/math/SafeCast.sol","lib/openzeppelin-contracts/contracts/utils/math/SignedMath.sol"],"versionRequirement":"^0.8.20","artifacts":{"ERC721":{"0.8.26":{"path":"ERC721.sol/ERC721.json","build_id":"1a066455e27f578bf600d87728d2b3bc"}}},"seenByCompiler":true},"lib/openzeppelin-contracts/contracts/token/ERC721/IERC721.sol":{"lastModificationDate":1721046764618,"contentHash":"e505e7331de08de27d06ab12b009a7d3","sourceName":"lib/openzeppelin-contracts/contracts/token/ERC721/IERC721.sol","compilerSettings":{"solc":{"optimizer":{"enabled":true,"runs":200},"metadata":{"useLiteralContent":false,"bytecodeHash":"ipfs","appendCBOR":true},"outputSelection":{"*":{"*":["abi","evm.bytecode","evm.deployedBytecode","evm.methodIdentifiers","metadata"]}},"evmVersion":"paris","viaIR":false,"libraries":{}},"vyper":{"evmVersion":"paris","outputSelection":{"*":{"*":["abi","evm.bytecode","evm.deployedBytecode"]}}}},"imports":["lib/openzeppelin-contracts/contracts/utils/introspection/IERC165.sol"],"versionRequirement":"^0.8.20","artifacts":{"IERC721":{"0.8.26":{"path":"ERC721/IERC721.sol/IERC721.json","build_id":"1a066455e27f578bf600d87728d2b3bc"}}},"seenByCompiler":true},"lib/openzeppelin-contracts/contracts/token/ERC721/IERC721Receiver.sol":{"lastModificationDate":1721046764618,"contentHash":"9843c8a5e0e90a3af0d05bc2ef0feb35","sourceName":"lib/openzeppelin-contracts/contracts/token/ERC721/IERC721Receiver.sol","compilerSettings":{"solc":{"optimizer":{"enabled":true,"runs":200},"metadata":{"useLiteralContent":false,"bytecodeHash":"ipfs","appendCBOR":true},"outputSelection":{"*":{"*":["abi","evm.bytecode","evm.deployedBytecode","evm.methodIdentifiers","metadata"]}},"evmVersion":"paris","viaIR":false,"libraries":{}},"vyper":{"evmVersion":"paris","outputSelection":{"*":{"*":["abi","evm.bytecode","evm.deployedBytecode"]}}}},"imports":[],"versionRequirement":"^0.8.20","artifacts":{"IERC721Receiver":{"0.8.26":{"path":"IERC721Receiver.sol/IERC721Receiver.json","build_id":"1a066455e27f578bf600d87728d2b3bc"}}},"seenByCompiler":true},"lib/openzeppelin-contracts/contracts/token/ERC721/extensions/ERC721URIStorage.sol":{"lastModificationDate":1721046764619,"contentHash":"5f1b33ee2bd3a9ee751202b08e7403bd","sourceName":"lib/openzeppelin-contracts/contracts/token/ERC721/extensions/ERC721URIStorage.sol","compilerSettings":{"solc":{"optimizer":{"enabled":true,"runs":200},"metadata":{"useLiteralContent":false,"bytecodeHash":"ipfs","appendCBOR":true},"outputSelection":{"*":{"*":["abi","evm.bytecode","evm.deployedBytecode","evm.methodIdentifiers","metadata"]}},"evmVersion":"paris","viaIR":false,"libraries":{}},"vyper":{"evmVersion":"paris","outputSelection":{"*":{"*":["abi","evm.bytecode","evm.deployedBytecode"]}}}},"imports":["lib/openzeppelin-contracts/contracts/interfaces/IERC165.sol","lib/openzeppelin-contracts/contracts/interfaces/IERC4906.sol","lib/openzeppelin-contracts/contracts/interfaces/IERC721.sol","lib/openzeppelin-contracts/contracts/interfaces/draft-IERC6093.sol","lib/openzeppelin-contracts/contracts/token/ERC721/ERC721.sol","lib/openzeppelin-contracts/contracts/token/ERC721/IERC721.sol","lib/openzeppelin-contracts/contracts/token/ERC721/IERC721Receiver.sol","lib/openzeppelin-contracts/contracts/token/ERC721/extensions/IERC721Metadata.sol","lib/openzeppelin-contracts/contracts/token/ERC721/utils/ERC721Utils.sol","lib/openzeppelin-contracts/contracts/utils/Context.sol","lib/openzeppelin-contracts/contracts/utils/Panic.sol","lib/openzeppelin-contracts/contracts/utils/Strings.sol","lib/openzeppelin-contracts/contracts/utils/introspection/ERC165.sol","lib/openzeppelin-contracts/contracts/utils/introspection/IERC165.sol","lib/openzeppelin-contracts/contracts/utils/math/Math.sol","lib/openzeppelin-contracts/contracts/utils/math/SafeCast.sol","lib/openzeppelin-contracts/contracts/utils/math/SignedMath.sol"],"versionRequirement":"^0.8.20","artifacts":{"ERC721URIStorage":{"0.8.26":{"path":"ERC721URIStorage.sol/ERC721URIStorage.json","build_id":"1a066455e27f578bf600d87728d2b3bc"}}},"seenByCompiler":true},"lib/openzeppelin-contracts/contracts/token/ERC721/extensions/IERC721Metadata.sol":{"lastModificationDate":1721046764619,"contentHash":"12c206f185cb951213799561fdcaa40d","sourceName":"lib/openzeppelin-contracts/contracts/token/ERC721/extensions/IERC721Metadata.sol","compilerSettings":{"solc":{"optimizer":{"enabled":true,"runs":200},"metadata":{"useLiteralContent":false,"bytecodeHash":"ipfs","appendCBOR":true},"outputSelection":{"*":{"*":["abi","evm.bytecode","evm.deployedBytecode","evm.methodIdentifiers","metadata"]}},"evmVersion":"paris","viaIR":false,"libraries":{}},"vyper":{"evmVersion":"paris","outputSelection":{"*":{"*":["abi","evm.bytecode","evm.deployedBytecode"]}}}},"imports":["lib/openzeppelin-contracts/contracts/token/ERC721/IERC721.sol","lib/openzeppelin-contracts/contracts/utils/introspection/IERC165.sol"],"versionRequirement":"^0.8.20","artifacts":{"IERC721Metadata":{"0.8.26":{"path":"IERC721Metadata.sol/IERC721Metadata.json","build_id":"1a066455e27f578bf600d87728d2b3bc"}}},"seenByCompiler":true},"lib/openzeppelin-contracts/contracts/token/ERC721/utils/ERC721Utils.sol":{"lastModificationDate":1721046764619,"contentHash":"dabd226a0a31e27e7c4158387379b6eb","sourceName":"lib/openzeppelin-contracts/contracts/token/ERC721/utils/ERC721Utils.sol","compilerSettings":{"solc":{"optimizer":{"enabled":true,"runs":200},"metadata":{"useLiteralContent":false,"bytecodeHash":"ipfs","appendCBOR":true},"outputSelection":{"*":{"*":["abi","evm.bytecode","evm.deployedBytecode","evm.methodIdentifiers","metadata"]}},"evmVersion":"paris","viaIR":false,"libraries":{}},"vyper":{"evmVersion":"paris","outputSelection":{"*":{"*":["abi","evm.bytecode","evm.deployedBytecode"]}}}},"imports":["lib/openzeppelin-contracts/contracts/interfaces/draft-IERC6093.sol","lib/openzeppelin-contracts/contracts/token/ERC721/IERC721Receiver.sol"],"versionRequirement":"^0.8.20","artifacts":{"ERC721Utils":{"0.8.26":{"path":"ERC721Utils.sol/ERC721Utils.json","build_id":"1a066455e27f578bf600d87728d2b3bc"}}},"seenByCompiler":true},"lib/openzeppelin-contracts/contracts/utils/Context.sol":{"lastModificationDate":1721046764620,"contentHash":"67bfbc07588eb8683b3fd8f6f909563e","sourceName":"lib/openzeppelin-contracts/contracts/utils/Context.sol","compilerSettings":{"solc":{"optimizer":{"enabled":true,"runs":200},"metadata":{"useLiteralContent":false,"bytecodeHash":"ipfs","appendCBOR":true},"outputSelection":{"*":{"*":["abi","evm.bytecode","evm.deployedBytecode","evm.methodIdentifiers","metadata"]}},"evmVersion":"paris","viaIR":false,"libraries":{}},"vyper":{"evmVersion":"paris","outputSelection":{"*":{"*":["abi","evm.bytecode","evm.deployedBytecode"]}}}},"imports":[],"versionRequirement":"^0.8.20","artifacts":{"Context":{"0.8.26":{"path":"Context.sol/Context.json","build_id":"1a066455e27f578bf600d87728d2b3bc"}}},"seenByCompiler":true},"lib/openzeppelin-contracts/contracts/utils/Panic.sol":{"lastModificationDate":1721046764620,"contentHash":"d17e692f01f9b64658b59f641f7bfec3","sourceName":"lib/openzeppelin-contracts/contracts/utils/Panic.sol","compilerSettings":{"solc":{"optimizer":{"enabled":true,"runs":200},"metadata":{"useLiteralContent":false,"bytecodeHash":"ipfs","appendCBOR":true},"outputSelection":{"*":{"*":["abi","evm.bytecode","evm.deployedBytecode","evm.methodIdentifiers","metadata"]}},"evmVersion":"paris","viaIR":false,"libraries":{}},"vyper":{"evmVersion":"paris","outputSelection":{"*":{"*":["abi","evm.bytecode","evm.deployedBytecode"]}}}},"imports":[],"versionRequirement":"^0.8.20","artifacts":{"Panic":{"0.8.26":{"path":"Panic.sol/Panic.json","build_id":"1a066455e27f578bf600d87728d2b3bc"}}},"seenByCompiler":true},"lib/openzeppelin-contracts/contracts/utils/Strings.sol":{"lastModificationDate":1721046764621,"contentHash":"951b2ad407a407643bc927ba3e1c203e","sourceName":"lib/openzeppelin-contracts/contracts/utils/Strings.sol","compilerSettings":{"solc":{"optimizer":{"enabled":true,"runs":200},"metadata":{"useLiteralContent":false,"bytecodeHash":"ipfs","appendCBOR":true},"outputSelection":{"*":{"*":["abi","evm.bytecode","evm.deployedBytecode","evm.methodIdentifiers","metadata"]}},"evmVersion":"paris","viaIR":false,"libraries":{}},"vyper":{"evmVersion":"paris","outputSelection":{"*":{"*":["abi","evm.bytecode","evm.deployedBytecode"]}}}},"imports":["lib/openzeppelin-contracts/contracts/utils/Panic.sol","lib/openzeppelin-contracts/contracts/utils/math/Math.sol","lib/openzeppelin-contracts/contracts/utils/math/SafeCast.sol","lib/openzeppelin-contracts/contracts/utils/math/SignedMath.sol"],"versionRequirement":"^0.8.20","artifacts":{"Strings":{"0.8.26":{"path":"Strings.sol/Strings.json","build_id":"1a066455e27f578bf600d87728d2b3bc"}}},"seenByCompiler":true},"lib/openzeppelin-contracts/contracts/utils/introspection/ERC165.sol":{"lastModificationDate":1721046764621,"contentHash":"91d73f4893325b0ae914b7d358bd8025","sourceName":"lib/openzeppelin-contracts/contracts/utils/introspection/ERC165.sol","compilerSettings":{"solc":{"optimizer":{"enabled":true,"runs":200},"metadata":{"useLiteralContent":false,"bytecodeHash":"ipfs","appendCBOR":true},"outputSelection":{"*":{"*":["abi","evm.bytecode","evm.deployedBytecode","evm.methodIdentifiers","metadata"]}},"evmVersion":"paris","viaIR":false,"libraries":{}},"vyper":{"evmVersion":"paris","outputSelection":{"*":{"*":["abi","evm.bytecode","evm.deployedBytecode"]}}}},"imports":["lib/openzeppelin-contracts/contracts/utils/introspection/IERC165.sol"],"versionRequirement":"^0.8.20","artifacts":{"ERC165":{"0.8.26":{"path":"ERC165.sol/ERC165.json","build_id":"1a066455e27f578bf600d87728d2b3bc"}}},"seenByCompiler":true},"lib/openzeppelin-contracts/contracts/utils/introspection/IERC165.sol":{"lastModificationDate":1721046764622,"contentHash":"be6182f1f5355b6bc529761eb0d1dc82","sourceName":"lib/openzeppelin-contracts/contracts/utils/introspection/IERC165.sol","compilerSettings":{"solc":{"optimizer":{"enabled":true,"runs":200},"metadata":{"useLiteralContent":false,"bytecodeHash":"ipfs","appendCBOR":true},"outputSelection":{"*":{"*":["abi","evm.bytecode","evm.deployedBytecode","evm.methodIdentifiers","metadata"]}},"evmVersion":"paris","viaIR":false,"libraries":{}},"vyper":{"evmVersion":"paris","outputSelection":{"*":{"*":["abi","evm.bytecode","evm.deployedBytecode"]}}}},"imports":[],"versionRequirement":"^0.8.20","artifacts":{"IERC165":{"0.8.26":{"path":"introspection/IERC165.sol/IERC165.json","build_id":"1a066455e27f578bf600d87728d2b3bc"}}},"seenByCompiler":true},"lib/openzeppelin-contracts/contracts/utils/math/Math.sol":{"lastModificationDate":1721046764622,"contentHash":"686339c7376b7ca0f71d82c029f90f45","sourceName":"lib/openzeppelin-contracts/contracts/utils/math/Math.sol","compilerSettings":{"solc":{"optimizer":{"enabled":true,"runs":200},"metadata":{"useLiteralContent":false,"bytecodeHash":"ipfs","appendCBOR":true},"outputSelection":{"*":{"*":["abi","evm.bytecode","evm.deployedBytecode","evm.methodIdentifiers","metadata"]}},"evmVersion":"paris","viaIR":false,"libraries":{}},"vyper":{"evmVersion":"paris","outputSelection":{"*":{"*":["abi","evm.bytecode","evm.deployedBytecode"]}}}},"imports":["lib/openzeppelin-contracts/contracts/utils/Panic.sol","lib/openzeppelin-contracts/contracts/utils/math/SafeCast.sol"],"versionRequirement":"^0.8.20","artifacts":{"Math":{"0.8.26":{"path":"Math.sol/Math.json","build_id":"1a066455e27f578bf600d87728d2b3bc"}}},"seenByCompiler":true},"lib/openzeppelin-contracts/contracts/utils/math/SafeCast.sol":{"lastModificationDate":1721046764622,"contentHash":"6a44339a6a9b4f733db339c47a85a22d","sourceName":"lib/openzeppelin-contracts/contracts/utils/math/SafeCast.sol","compilerSettings":{"solc":{"optimizer":{"enabled":true,"runs":200},"metadata":{"useLiteralContent":false,"bytecodeHash":"ipfs","appendCBOR":true},"outputSelection":{"*":{"*":["abi","evm.bytecode","evm.deployedBytecode","evm.methodIdentifiers","metadata"]}},"evmVersion":"paris","viaIR":false,"libraries":{}},"vyper":{"evmVersion":"paris","outputSelection":{"*":{"*":["abi","evm.bytecode","evm.deployedBytecode"]}}}},"imports":[],"versionRequirement":"^0.8.20","artifacts":{"SafeCast":{"0.8.26":{"path":"SafeCast.sol/SafeCast.json","build_id":"1a066455e27f578bf600d87728d2b3bc"}}},"seenByCompiler":true},"lib/openzeppelin-contracts/contracts/utils/math/SignedMath.sol":{"lastModificationDate":1721046764622,"contentHash":"86f4e207b60d79341446d5866c83ccae","sourceName":"lib/openzeppelin-contracts/contracts/utils/math/SignedMath.sol","compilerSettings":{"solc":{"optimizer":{"enabled":true,"runs":200},"metadata":{"useLiteralContent":false,"bytecodeHash":"ipfs","appendCBOR":true},"outputSelection":{"*":{"*":["abi","evm.bytecode","evm.deployedBytecode","evm.methodIdentifiers","metadata"]}},"evmVersion":"paris","viaIR":false,"libraries":{}},"vyper":{"evmVersion":"paris","outputSelection":{"*":{"*":["abi","evm.bytecode","evm.deployedBytecode"]}}}},"imports":["lib/openzeppelin-contracts/contracts/utils/math/SafeCast.sol"],"versionRequirement":"^0.8.20","artifacts":{"SignedMath":{"0.8.26":{"path":"SignedMath.sol/SignedMath.json","build_id":"1a066455e27f578bf600d87728d2b3bc"}}},"seenByCompiler":true},"script/Counter.s.sol":{"lastModificationDate":1721046629503,"contentHash":"a3f39f45f6d251978d0155b376261aca","sourceName":"script/Counter.s.sol","compilerSettings":{"solc":{"optimizer":{"enabled":true,"runs":200},"metadata":{"useLiteralContent":false,"bytecodeHash":"ipfs","appendCBOR":true},"outputSelection":{"*":{"*":["abi","evm.bytecode","evm.deployedBytecode","evm.methodIdentifiers","metadata"]}},"evmVersion":"paris","viaIR":false,"libraries":{}},"vyper":{"evmVersion":"paris","outputSelection":{"*":{"*":["abi","evm.bytecode","evm.deployedBytecode"]}}}},"imports":["lib/forge-std/src/Base.sol","lib/forge-std/src/Script.sol","lib/forge-std/src/StdChains.sol","lib/forge-std/src/StdCheats.sol","lib/forge-std/src/StdJson.sol","lib/forge-std/src/StdMath.sol","lib/forge-std/src/StdStorage.sol","lib/forge-std/src/StdStyle.sol","lib/forge-std/src/StdUtils.sol","lib/forge-std/src/Vm.sol","lib/forge-std/src/console.sol","lib/forge-std/src/console2.sol","lib/forge-std/src/interfaces/IERC165.sol","lib/forge-std/src/interfaces/IERC20.sol","lib/forge-std/src/interfaces/IERC721.sol","lib/forge-std/src/interfaces/IMulticall3.sol","lib/forge-std/src/mocks/MockERC20.sol","lib/forge-std/src/mocks/MockERC721.sol","lib/forge-std/src/safeconsole.sol","src/Counter.sol"],"versionRequirement":"^0.8.13","artifacts":{"CounterScript":{"0.8.26":{"path":"Counter.s.sol/CounterScript.json","build_id":"4ba474d500a49fe3c8586b772baa8ef3"}}},"seenByCompiler":true},"script/deploy.sol":{"lastModificationDate":1721086510212,"contentHash":"b115546b3fbda0513e1f827b95185a38","sourceName":"script/deploy.sol","compilerSettings":{"solc":{"optimizer":{"enabled":true,"runs":200},"metadata":{"useLiteralContent":false,"bytecodeHash":"ipfs","appendCBOR":true},"outputSelection":{"*":{"*":["abi","evm.bytecode","evm.deployedBytecode","evm.methodIdentifiers","metadata"]}},"evmVersion":"paris","viaIR":false,"libraries":{}},"vyper":{"evmVersion":"paris","outputSelection":{"*":{"*":["abi","evm.bytecode","evm.deployedBytecode"]}}}},"imports":["lib/forge-std/src/Base.sol","lib/forge-std/src/Script.sol","lib/forge-std/src/StdChains.sol","lib/forge-std/src/StdCheats.sol","lib/forge-std/src/StdJson.sol","lib/forge-std/src/StdMath.sol","lib/forge-std/src/StdStorage.sol","lib/forge-std/src/StdStyle.sol","lib/forge-std/src/StdUtils.sol","lib/forge-std/src/Vm.sol","lib/forge-std/src/console.sol","lib/forge-std/src/console2.sol","lib/forge-std/src/interfaces/IERC165.sol","lib/forge-std/src/interfaces/IERC20.sol","lib/forge-std/src/interfaces/IERC721.sol","lib/forge-std/src/interfaces/IMulticall3.sol","lib/forge-std/src/mocks/MockERC20.sol","lib/forge-std/src/mocks/MockERC721.sol","lib/forge-std/src/safeconsole.sol","lib/openzeppelin-contracts/contracts/access/Ownable.sol","lib/openzeppelin-contracts/contracts/interfaces/IERC165.sol","lib/openzeppelin-contracts/contracts/interfaces/IERC4906.sol","lib/openzeppelin-contracts/contracts/interfaces/IERC721.sol","lib/openzeppelin-contracts/contracts/interfaces/draft-IERC6093.sol","lib/openzeppelin-contracts/contracts/token/ERC721/ERC721.sol","lib/openzeppelin-contracts/contracts/token/ERC721/IERC721.sol","lib/openzeppelin-contracts/contracts/token/ERC721/IERC721Receiver.sol","lib/openzeppelin-contracts/contracts/token/ERC721/extensions/ERC721URIStorage.sol","lib/openzeppelin-contracts/contracts/token/ERC721/extensions/IERC721Metadata.sol","lib/openzeppelin-contracts/contracts/token/ERC721/utils/ERC721Utils.sol","lib/openzeppelin-contracts/contracts/utils/Context.sol","lib/openzeppelin-contracts/contracts/utils/Panic.sol","lib/openzeppelin-contracts/contracts/utils/Strings.sol","lib/openzeppelin-contracts/contracts/utils/introspection/ERC165.sol","lib/openzeppelin-contracts/contracts/utils/introspection/IERC165.sol","lib/openzeppelin-contracts/contracts/utils/math/Math.sol","lib/openzeppelin-contracts/contracts/utils/math/SafeCast.sol","lib/openzeppelin-contracts/contracts/utils/math/SignedMath.sol","src/NFTFactory.sol","src/NFTMarketplace.sol"],"versionRequirement":"^0.8.0","artifacts":{"DeployNFTFactory":{"0.8.26":{"path":"deploy.sol/DeployNFTFactory.json","build_id":"1a066455e27f578bf600d87728d2b3bc"}}},"seenByCompiler":true},"src/Counter.sol":{"lastModificationDate":1721047040932,"contentHash":"ae6c800a2b4c57768024d6e9423d39e8","sourceName":"src/Counter.sol","compilerSettings":{"solc":{"optimizer":{"enabled":true,"runs":200},"metadata":{"useLiteralContent":false,"bytecodeHash":"ipfs","appendCBOR":true},"outputSelection":{"*":{"*":["abi","evm.bytecode","evm.deployedBytecode","evm.methodIdentifiers","metadata"]}},"evmVersion":"paris","viaIR":false,"libraries":{}},"vyper":{"evmVersion":"paris","outputSelection":{"*":{"*":["abi","evm.bytecode","evm.deployedBytecode"]}}}},"imports":[],"versionRequirement":"^0.8.13","artifacts":{"Counter":{"0.8.26":{"path":"Counter.sol/Counter.json","build_id":"1a066455e27f578bf600d87728d2b3bc"}}},"seenByCompiler":true},"src/NFTFactory.sol":{"lastModificationDate":1721086674889,"contentHash":"24e0870b010b1033f9741bcd65968ab7","sourceName":"src/NFTFactory.sol","compilerSettings":{"solc":{"optimizer":{"enabled":true,"runs":200},"metadata":{"useLiteralContent":false,"bytecodeHash":"ipfs","appendCBOR":true},"outputSelection":{"*":{"*":["abi","evm.bytecode","evm.deployedBytecode","evm.methodIdentifiers","metadata"]}},"evmVersion":"paris","viaIR":false,"libraries":{}},"vyper":{"evmVersion":"paris","outputSelection":{"*":{"*":["abi","evm.bytecode","evm.deployedBytecode"]}}}},"imports":["lib/openzeppelin-contracts/contracts/access/Ownable.sol","lib/openzeppelin-contracts/contracts/interfaces/IERC165.sol","lib/openzeppelin-contracts/contracts/interfaces/IERC4906.sol","lib/openzeppelin-contracts/contracts/interfaces/IERC721.sol","lib/openzeppelin-contracts/contracts/interfaces/draft-IERC6093.sol","lib/openzeppelin-contracts/contracts/token/ERC721/ERC721.sol","lib/openzeppelin-contracts/contracts/token/ERC721/IERC721.sol","lib/openzeppelin-contracts/contracts/token/ERC721/IERC721Receiver.sol","lib/openzeppelin-contracts/contracts/token/ERC721/extensions/ERC721URIStorage.sol","lib/openzeppelin-contracts/contracts/token/ERC721/extensions/IERC721Metadata.sol","lib/openzeppelin-contracts/contracts/token/ERC721/utils/ERC721Utils.sol","lib/openzeppelin-contracts/contracts/utils/Context.sol","lib/openzeppelin-contracts/contracts/utils/Panic.sol","lib/openzeppelin-contracts/contracts/utils/Strings.sol","lib/openzeppelin-contracts/contracts/utils/introspection/ERC165.sol","lib/openzeppelin-contracts/contracts/utils/introspection/IERC165.sol","lib/openzeppelin-contracts/contracts/utils/math/Math.sol","lib/openzeppelin-contracts/contracts/utils/math/SafeCast.sol","lib/openzeppelin-contracts/contracts/utils/math/SignedMath.sol","src/NFTMarketplace.sol"],"versionRequirement":"^0.8.0","artifacts":{"NFTFactory":{"0.8.26":{"path":"NFTFactory.sol/NFTFactory.json","build_id":"1a066455e27f578bf600d87728d2b3bc"}}},"seenByCompiler":true},"src/NFTMarketplace.sol":{"lastModificationDate":1721086661396,"contentHash":"1ab38540c3d20d8420da293fb6af2ce2","sourceName":"src/NFTMarketplace.sol","compilerSettings":{"solc":{"optimizer":{"enabled":true,"runs":200},"metadata":{"useLiteralContent":false,"bytecodeHash":"ipfs","appendCBOR":true},"outputSelection":{"*":{"*":["abi","evm.bytecode","evm.deployedBytecode","evm.methodIdentifiers","metadata"]}},"evmVersion":"paris","viaIR":false,"libraries":{}},"vyper":{"evmVersion":"paris","outputSelection":{"*":{"*":["abi","evm.bytecode","evm.deployedBytecode"]}}}},"imports":["lib/openzeppelin-contracts/contracts/access/Ownable.sol","lib/openzeppelin-contracts/contracts/interfaces/IERC165.sol","lib/openzeppelin-contracts/contracts/interfaces/IERC4906.sol","lib/openzeppelin-contracts/contracts/interfaces/IERC721.sol","lib/openzeppelin-contracts/contracts/interfaces/draft-IERC6093.sol","lib/openzeppelin-contracts/contracts/token/ERC721/ERC721.sol","lib/openzeppelin-contracts/contracts/token/ERC721/IERC721.sol","lib/openzeppelin-contracts/contracts/token/ERC721/IERC721Receiver.sol","lib/openzeppelin-contracts/contracts/token/ERC721/extensions/ERC721URIStorage.sol","lib/openzeppelin-contracts/contracts/token/ERC721/extensions/IERC721Metadata.sol","lib/openzeppelin-contracts/contracts/token/ERC721/utils/ERC721Utils.sol","lib/openzeppelin-contracts/contracts/utils/Context.sol","lib/openzeppelin-contracts/contracts/utils/Panic.sol","lib/openzeppelin-contracts/contracts/utils/Strings.sol","lib/openzeppelin-contracts/contracts/utils/introspection/ERC165.sol","lib/openzeppelin-contracts/contracts/utils/introspection/IERC165.sol","lib/openzeppelin-contracts/contracts/utils/math/Math.sol","lib/openzeppelin-contracts/contracts/utils/math/SafeCast.sol","lib/openzeppelin-contracts/contracts/utils/math/SignedMath.sol"],"versionRequirement":"^0.8.0","artifacts":{"NFTMarketplace":{"0.8.26":{"path":"NFTMarketplace.sol/NFTMarketplace.json","build_id":"1a066455e27f578bf600d87728d2b3bc"}}},"seenByCompiler":true},"test/Counter.t.sol":{"lastModificationDate":1721046629503,"contentHash":"9d959b237381565c33e0fda71b690f32","sourceName":"test/Counter.t.sol","compilerSettings":{"solc":{"optimizer":{"enabled":true,"runs":200},"metadata":{"useLiteralContent":false,"bytecodeHash":"ipfs","appendCBOR":true},"outputSelection":{"*":{"*":["abi","evm.bytecode","evm.deployedBytecode","evm.methodIdentifiers","metadata"]}},"evmVersion":"paris","viaIR":false,"libraries":{}},"vyper":{"evmVersion":"paris","outputSelection":{"*":{"*":["abi","evm.bytecode","evm.deployedBytecode"]}}}},"imports":["lib/forge-std/src/Base.sol","lib/forge-std/src/StdAssertions.sol","lib/forge-std/src/StdChains.sol","lib/forge-std/src/StdCheats.sol","lib/forge-std/src/StdError.sol","lib/forge-std/src/StdInvariant.sol","lib/forge-std/src/StdJson.sol","lib/forge-std/src/StdMath.sol","lib/forge-std/src/StdStorage.sol","lib/forge-std/src/StdStyle.sol","lib/forge-std/src/StdToml.sol","lib/forge-std/src/StdUtils.sol","lib/forge-std/src/Test.sol","lib/forge-std/src/Vm.sol","lib/forge-std/src/console.sol","lib/forge-std/src/console2.sol","lib/forge-std/src/interfaces/IERC165.sol","lib/forge-std/src/interfaces/IERC20.sol","lib/forge-std/src/interfaces/IERC721.sol","lib/forge-std/src/interfaces/IMulticall3.sol","lib/forge-std/src/mocks/MockERC20.sol","lib/forge-std/src/mocks/MockERC721.sol","lib/forge-std/src/safeconsole.sol","src/Counter.sol"],"versionRequirement":"^0.8.13","artifacts":{"CounterTest":{"0.8.26":{"path":"Counter.t.sol/CounterTest.json","build_id":"4ba474d500a49fe3c8586b772baa8ef3"}}},"seenByCompiler":true}},"builds":["1a066455e27f578bf600d87728d2b3bc","4ba474d500a49fe3c8586b772baa8ef3","5fae84d0e773945948cece04e930d512","66b4b9cd35da234efb72c02db412ea9e","bb0b48afff8a0a9adcb0b0eee7db9748"]}